Название фрейма,Фрейм,Значение,А-группа,А-класс (сумма),Форма,А-класс (реальный),перф.EP,перф.ES,перф.P,перф.P2,перф.S,перф.MP,перф.EMP,перф. Q,имперф.P,имперф.P2,имперф.S,имперф. MP,Источник,Комментарии
LOVE,1519,бежать,tutu-,<EP; P> ,tutu-,<EP; P> ,1,0,0,0,0,0,0,0,1,0,0,0,[Oskolskaya 2017],найхинский говор
LOVE,2133,бить,tojkan-,"<ES, P; P>",tojkan-,"<ES, P; P>",0,1,1,0,0,0,0,0,1,0,0,0,[Oskolskaya 2017],найхинский говор
WAVE (VERB),1815,болеть,ənulu- / ənusi-,<ES; S>,ənulu-,<ES; —>,0,1,0,0,0,0,0,0,0,0,1,0,[Oskolskaya 2017],найхинский говор
,1815,болеть,ənulu- / ənusi-,<ES; S>,ənusi-,<S; S>,0,1,0,0,0,0,0,0,0,0,1,0,[Oskolskaya 2017],найхинский говор
,1419,бояться,ŋə̄lə- / ŋə̄ləči-,<ES; S>,ŋə̄lə-,<ES; —>,0,1,0,0,0,0,0,0,0,0,1,0,[Oskolskaya 2017],найхинский говор
WAVE (VERB),1419,бояться,ŋə̄lə- / ŋə̄ləči-,<ES; S>,ŋə̄ləči-,<S; S>,0,1,0,0,0,0,0,0,0,0,1,0,[Oskolskaya 2017],найхинский говор
WAVE (VERB),2104,"брать, держать",ǯapa- / ǯapača-,"<ES, P; S>",ǯapa-,<ES; P>,0,1,0,0,0,0,0,0,1,0,0,0,[Oskolskaya 2017],найхинский говор
,2104,"брать, держать",ǯapa- / ǯapača-,"<ES, P; S>",ǯapača-,<S; S>,0,0,0,0,1,0,0,0,0,0,1,0,[Oskolskaya 2017],найхинский говор
,1456,бросать,naŋgala- / naŋgače-,"<Q, P; MP>",naŋgače-,<MP; MP>,0,0,0,0,0,1,0,0,0,0,0,1,[Oskolskaya 2017],найхинский говор
,1456,бросать,naŋgala- / naŋgače-,"<Q, P; MP>",naŋgala- ,<Q; P>,0,0,0,0,0,0,0,1,1,0,0,0,[Oskolskaya 2017],найхинский говор
,1579,"быть, располагаться, находиться",bi-,<S; —>,bi-,<S; —>,0,0,0,0,1,0,0,0,0,0,0,0,[Oskolskaya 2017],найхинский говор
BE ABLE,1100,варить,puju-,"<ES, P; P>",puju-,"<ES, P; P>",0,1,1,0,0,0,0,0,1,0,0,0,[Oskolskaya 2017],найхинский говор
BE ABLE,1890,верить,təǯiə- / təǯiəči-,"<ES, S; S>",təǯiə-,<ES; S>,0,1,0,0,0,0,0,0,0,0,1,0,[Oskolskaya 2017],найхинский говор
SUFFER,1890,верить,təǯiə- / təǯiəči-,"<ES, S; S>",təǯiəči-,<S; —>,0,0,0,0,1,0,0,0,0,0,0,0,[Oskolskaya 2017],найхинский говор
SUFFER,,вечереть,siksəgu-,<ES; P>,siksəgu-,<ES; P>,0,1,0,0,0,0,0,0,1,0,0,0,[Oskolskaya 2017],найхинский говор
PUT ON,1409,видеть,ičə- / ičəǯə-,"<ES, S; P, S>",ičə-,"<ES, S; S>",0,1,0,0,1,0,0,0,0,0,1,0,[Oskolskaya 2017],найхинский говор
PUT ON,1409,видеть,ičə- / ičəǯə-,"<ES, S; P, S>",ičəǯə-,<P; P>,0,0,1,0,0,0,0,0,1,0,0,0,[Oskolskaya 2017],найхинский говор
FIND,581,возвращаться1,ǯiǯu-,<ES; P>,ǯiǯu-,<ES; P>,0,1,0,0,0,0,0,0,1,0,0,0,[Oskolskaya 2017],найхинский говор
FIND,581,возвращаться2,močogo-,<ES; P>,močogo-,<ES; P>,0,1,0,0,0,0,0,0,1,0,0,0,[Oskolskaya 2017],найхинский говор
FIND,"570, 1442","вставать, стоять",ele- / elese-,"<ES, P; S>",ele-,<ES; P>,0,1,0,0,0,0,0,0,1,0,0,0,[Oskolskaya 2017],найхинский говор
BEGIN OR START,"570, 1444","вставать, стоять",ele- / elese-,"<ES, P; S>",elese-,<S; S>,0,0,0,0,1,0,0,0,0,0,1,0,[Oskolskaya 2017],найхинский говор
BEGIN OR START,,вянуть,xaŋma-,"<ES, P; P>",xaŋma-,"<ES, P; P>",0,1,1,0,0,0,0,0,1,0,0,0,[Oskolskaya 2017],найхинский говор
BEGIN OR START,,гаснуть,gūp-,<ES; P>,gūp-,<ES; P>,0,1,0,0,0,0,0,0,1,0,0,0,[Oskolskaya 2017],найхинский говор
EXPLAIN,2907,гнить,n'ā-,<ES; P>,n'ā-,<ES; P>,0,1,0,0,0,0,0,0,1,0,0,0,[Oskolskaya 2017],найхинский говор
EXPLAIN,1428,гореть (разрушение),ǯəgdə-,"<ES, P; P>",ǯəgdə-,"<ES, P; P>",0,1,1,0,0,0,0,0,1,0,0,0,[Oskolskaya 2017],найхинский говор
SWELL,,гореть (эмиссия света),ǯəgdə-,<P; P>,ǯəgdə-,<P; P>,0,0,1,0,0,0,0,0,1,0,0,0,[Oskolskaya 2017],найхинский говор
SWELL,813,делать,aŋgo-,<ES; P>,aŋgo-,<ES; P>,0,1,0,0,0,0,0,0,1,0,0,0,[Oskolskaya 2017],найхинский говор
REMAIN,1446,"достигать, доходить",ese-,<ES; P>,ese-,<ES; P>,0,1,0,0,0,0,0,0,1,0,0,0,[Oskolskaya 2017],найхинский говор
REMAIN,1423,драться,sore-,<P; P>,sore-,<P; P>,0,0,1,0,0,0,0,0,1,0,0,0,[Oskolskaya 2017],найхинский говор
REMAIN,1415,думать (о),murči-,"<ES, S; S>",murči-,"<ES, S; S>",0,1,0,0,1,0,0,0,0,0,1,0,[Oskolskaya 2017],найхинский говор
REMAIN,1336,есть,sea-,"<ES, P; P>",sea-,"<ES, P; P>",0,1,1,0,0,0,0,0,1,0,0,0,[Oskolskaya 2017],найхинский говор
OPEN,1590,ждать,xalače-,<S; S>,xalače-,<S; S>,0,0,0,0,1,0,0,0,0,0,1,0,[Oskolskaya 2017],найхинский говор
OPEN,2309,жить,balǯe-,<S; S>,balǯe-,<S; S>,0,0,0,0,1,0,0,0,0,0,1,0,[Oskolskaya 2017],найхинский говор
TEAR (SHRED),,жужжать,guəŋgi-,<P; P>,guəŋgi-,<P; P>,0,0,1,0,0,0,0,0,1,0,0,0,[Oskolskaya 2017],найхинский говор
TEAR (SHRED),1523,забывать,oŋbo- / oŋbonase-,<ES; P>,oŋbo-,<ES; —>,0,1,0,0,0,0,0,0,0,0,1,0,[Oskolskaya 2017],найхинский говор
TEAR (SHRED),1523,забывать,oŋbo- / oŋbonase-,<ES; P>,oŋbonase-,<P; P>,0,0,1,0,0,0,0,0,1,0,0,0,[Oskolskaya 2017],найхинский говор
TEAR (SHRED),737,загораться,taop-,<EP; —>,taop-,<EP; —>,1,0,0,0,0,0,0,0,0,0,0,0,[Oskolskaya 2017],найхинский говор
TEAR (SHRED),251,заострять,gea-,"<ES, P; P>",gea-,"<ES, P; P>",0,1,1,0,0,0,0,0,1,0,0,0,[Oskolskaya 2017],найхинский говор
TEAR (SHRED),3626,знать,sā-,<ES; S>,sā-,<ES; S>,0,1,0,0,0,0,0,0,0,0,1,0,[Oskolskaya 2017],найхинский говор
TEAR (SHRED),1413,играть,xupi-,"<ES, P; P>",xupi-,"<ES, P; P>",0,1,1,0,0,0,0,0,1,0,0,0,[Oskolskaya 2017],найхинский говор
FALL,2234,"идти, падать (о дожде, снеге)",tugdə-,<P; P>,tugdə-,<P; P>,0,0,1,0,0,0,0,0,1,0,0,0,[Oskolskaya 2017],найхинский говор
FALL,695,идти1,ənə-,"<EP, P; P>",ənə-,"<EP, P; P>",1,0,1,0,0,0,0,0,1,0,0,0,[Oskolskaya 2017],найхинский говор
FALL,695,идти2,dūrə-,<P; P>,dūrə-,<P; P>,0,0,1,0,0,0,0,0,1,0,0,0,[Oskolskaya 2017],найхинский говор
PLOUGH,1468,искать (новую вещь),gələməči-,"<EP, P; P>",gələməči-,"<EP, P; P>",1,0,1,0,0,0,0,0,1,0,0,0,[Oskolskaya 2017],найхинский говор
PLOUGH,,искать (потерянное),gələgu-,"<EP, P; P>",gələgu-,"<EP, P; P>",1,0,1,0,0,0,0,0,1,0,0,0,[Oskolskaya 2017],найхинский говор
SOIL,808,капать,sabda-,<P; P>,sabda-,<P; P>,0,0,1,0,0,0,0,0,1,0,0,0,[Oskolskaya 2017],найхинский говор
SING,1892,касаться,toŋgala- / toŋgače-,"<ES, S; S>",toŋgala-,<ES; S>,0,1,0,0,0,0,0,0,0,0,1,0,[Oskolskaya 2017],найхинский говор
SING,1892,касаться,toŋgala- / toŋgače-,"<ES, S; S>",toŋgače-,<S; —>,0,0,0,0,1,0,0,0,0,0,0,0,[Oskolskaya 2017],найхинский говор
SAW (SOMETHING),1909,качать (головой),xarxe- / xarxele-,"<ES, Q, MP; MP>",xarxe-,"<ES, MP; MP>",0,1,0,0,0,1,0,0,0,0,0,1,[Oskolskaya 2017],найхинский говор
SAW (SOMETHING),1909,качать (головой),xarxe- / xarxele-,"<ES, Q, MP; MP>",xarxele-,<Q; —>,0,0,0,0,0,0,0,1,0,0,0,0,[Oskolskaya 2017],найхинский говор
WRITE,879,кашлять,siŋmusi- / siŋmupsin-,<Q; MP>,siŋmusi-,<MP; MP>,0,0,0,0,0,1,0,0,0,0,0,1,[Oskolskaya 2017],найхинский говор
WRITE,879,кашлять,siŋmusi- / siŋmupsin-,<Q; MP>,siŋmupsin-,<Q; —>,0,0,0,0,0,0,0,1,0,0,0,0,[Oskolskaya 2017],найхинский говор
CRY,792,кипеть,pujsi-,<P; P>,pujsi-,<P; P>,0,0,1,0,0,0,0,0,1,0,0,0,[Oskolskaya 2017],найхинский говор
WIN,1766,кончать,xoǯe- / xoǯeče-,<ES; P>,xoǯe-,<ES; —>,0,1,0,0,0,0,0,0,0,0,1,0,[Oskolskaya 2017],найхинский говор
WIN,1766,кончать,xoǯe- / xoǯeče-,<ES; P>,xoǯeče-,<P; P>,0,0,1,0,0,0,0,0,1,0,0,0,[Oskolskaya 2017],найхинский говор
SWEEP,1418,копать,xulə-,"<ES, P; P>",xulə-,"<ES, P; P>",0,1,1,0,0,0,0,0,1,0,0,0,[Oskolskaya 2017],найхинский говор
SWEEP,715,кричать,mora- / morapsen-,<Q; MP>,mora-,<MP; MP>,0,0,0,0,0,1,0,0,0,0,0,1,[Oskolskaya 2017],найхинский говор
,715,кричать,mora- / morapsen-,<Q; MP>,morapsen-,<Q; —>,0,0,0,0,0,0,0,1,0,0,0,0,[Oskolskaya 2017],найхинский говор
,,крутиться,kəndəli-,<P; P>,kəndəli-,<P; P>,0,0,1,0,0,0,0,0,1,0,0,0,[Oskolskaya 2017],найхинский говор
,1689,курить,damaxela-,"<EP, P; P>",damaxela-,"<EP, P; P>",1,0,1,0,0,0,0,0,1,0,0,0,[Oskolskaya 2017],найхинский говор
,"1689, 1401	","курить, пить",ome-,"<ES, P; P>",ome-,"<ES, P; P>",0,1,1,0,0,0,0,0,1,0,0,0,[Oskolskaya 2017],найхинский говор
,1403,кусать,səkpən- / səkpəči-,"<ES, Q, MP; P, MP>",səkpəči-,"<ES, MP; MP>",0,1,0,0,0,1,0,0,0,0,0,1,[Oskolskaya 2017],найхинский говор
REMEMBER,1403,кусать,səkpən- / səkpəči-,"<ES, Q, MP; P, MP>",səkpən-,<Q; P>,0,0,0,0,0,0,0,1,1,0,0,0,[Oskolskaya 2017],найхинский говор
HELP,1206,лаять,wāče-,"<ES, P; P>",wāče-,"<ES, P; P>",0,1,1,0,0,0,0,0,1,0,0,0,[Oskolskaya 2017],найхинский говор
HELP,2116,"лежать, спать",ao-,<S; S>,ao-,<S; S>,0,0,0,0,1,0,0,0,0,0,1,0,[Oskolskaya 2017],найхинский говор
,1441,лететь,dəgdə- / dəgdəgu- / dəgdəči-,"<EP, ES, P; P>",dəgdəgu-,"<EP, ES; —>",1,1,0,0,0,0,0,0,0,0,0,0,[Oskolskaya 2017],найхинский говор
,1441,лететь,dəgdə- / dəgdəgu- / dəgdəči-,"<EP, ES, P; P>",dəgdə-,<EP; P> ,1,0,0,0,0,0,0,0,1,0,0,0,[Oskolskaya 2017],найхинский говор
,1441,лететь,dəgdə- / dəgdəgu- / dəgdəči-,"<EP, ES, P; P>",dəgdəči-,<P; —>,0,0,1,0,0,0,0,0,0,0,0,0,[Oskolskaya 2017],найхинский говор
,499,лечить1,okče-,<P; P>,okče-,<P; P>,0,0,1,0,0,0,0,0,1,0,0,0,[Oskolskaya 2017],найхинский говор
,499,лечить2,xore-,<ES; —>,xore-,<ES; —>,0,1,0,0,0,0,0,0,0,0,1,0,[Oskolskaya 2017],найхинский говор
,1487,лить,jəwəri- / jəwərsi-,"<ES, P; P>",jəwəri-,<ES; P>,0,1,0,0,0,0,0,0,1,0,0,0,[Oskolskaya 2017],найхинский говор
,1487,лить,jəwəri- / jəwərsi-,"<ES, P; P>",jəwərsi-,<P; P>,0,0,1,0,0,0,0,0,1,0,0,0,[Oskolskaya 2017],найхинский говор
JOIN,215,ложиться,akpan-,"<ES, P; P>",akpan-,"<ES, P; P>",0,1,1,0,0,0,0,0,1,0,0,0,[Oskolskaya 2017],найхинский говор
JOIN,966,ломать,bojale- / bojače-,"<ES, P; P>",bojale-,<ES; P>,0,1,0,0,0,0,0,0,1,0,0,0,[Oskolskaya 2017],найхинский говор
COME,966,ломать,bojale- / bojače-,"<ES, P; P>",bojače-,<P; P>,0,0,1,0,0,0,0,0,1,0,0,0,[Oskolskaya 2017],найхинский говор
COME,,лопаться,təkəə-,<Q; —>,təkəə-,<Q; —>,0,0,0,0,0,0,0,1,0,0,0,0,[Oskolskaya 2017],найхинский говор
ASK (REQUEST),923,любить,uləsi-,<S; S>,uləsi-,<S; S>,0,0,0,0,1,0,0,0,0,0,1,0,[Oskolskaya 2017],найхинский говор
ASK (REQUEST),3544,махать,ole-,<P; P>,ole-,<P; P>,0,0,1,0,0,0,0,0,1,0,0,0,[Oskolskaya 2017],найхинский говор
WAKE UP,,мёрзнуть,gəkči-,<ES; S>,gəkči-,<ES; S>,0,1,0,0,0,0,0,0,0,0,1,0,[Oskolskaya 2017],найхинский говор
WAKE UP,,мочиться,čiəči-,<P; P>,čiəči-,<P; P>,0,0,1,0,0,0,0,0,1,0,0,0,[Oskolskaya 2017],найхинский говор
,972,мочь,mutə-,<ES; S>,mutə-,<ES; S>,0,1,0,0,0,0,0,0,0,0,1,0,[Oskolskaya 2017],найхинский говор
,1101,мучиться,ərulə-,<S; S>,ərulə-,<S; S>,0,0,0,0,1,0,0,0,0,0,1,0,[Oskolskaya 2017],найхинский говор
,158,надевать,tətu-,"<ES, P; P>",tətu-,"<ES, P; P>",0,1,1,0,0,0,0,0,1,0,0,0,[Oskolskaya 2017],найхинский говор
,719,находить (новое),bā-,<ES; —>,bā-,<ES; —>,0,1,0,0,0,0,0,0,0,0,1,0,[Oskolskaya 2017],найхинский говор
REPAIR,719,находить (потерянное),baogo-,<ES; —>,baogo-,<ES; —>,0,1,0,0,0,0,0,0,0,0,1,0,[Oskolskaya 2017],найхинский говор
REPAIR,3447,начинать1,dəru-,"<ES, P; P>",dəru-,"<ES, P; P>",0,1,1,0,0,0,0,0,1,0,0,0,[Oskolskaya 2017],найхинский говор
MAKE ANGRY (ANNOY),3447,начинать2,təpčiu-,"<ES, P; P>",təpčiu-,"<ES, P; P>",0,1,1,0,0,0,0,0,1,0,0,0,[Oskolskaya 2017],найхинский говор
MAKE ANGRY (ANNOY),1626,объяснять,alose-,<ES; P>,alose-,<ES; P>,0,1,0,0,0,0,0,0,1,0,0,0,[Oskolskaya 2017],найхинский говор
MAKE ANGRY (ANNOY),1573,опухать,xaolo-,<ES; S>,xaolo-,<ES; S>,0,1,0,0,0,0,0,0,0,0,1,0,[Oskolskaya 2017],найхинский говор
BE ANGRY,987,оставаться ,dərəǯi- / dərəǯigu-,<ES; —>,dərəǯi-,<ES; —>,0,1,0,0,0,0,0,0,0,0,1,0,[Oskolskaya 2017],найхинский говор
BE ANGRY,987,оставаться ,dərəǯi- / dərəǯigu-,<ES; —>,dərəǯigu-,<ES; —>,0,1,0,0,0,0,0,0,0,0,1,0,[Oskolskaya 2017],найхинский говор
BE ANGRY,1156,открывать,nixəli-,<ES; P>,nixəli-,<ES; P>,0,1,0,0,0,0,0,0,1,0,0,0,[Oskolskaya 2017],найхинский говор
BE ANGRY,1735,отрывать1,gudəli- / gudəči-,<ES; P>,gudəli-,<ES; —>,0,1,0,0,0,0,0,0,0,0,1,0,[Oskolskaya 2017],найхинский говор
,1735,отрывать1,gudəli- / gudəči-,<ES; P>,gudəči-,<P; P>,0,0,1,0,0,0,0,0,1,0,0,0,[Oskolskaya 2017],найхинский говор
,1735,отрывать2,xətuli- / xətuči-,<ES; P>,xətuli-,<ES; —>,0,1,0,0,0,0,0,0,0,0,1,0,[Oskolskaya 2017],найхинский говор
,1735,отрывать2,xətuli- / xətuči-,<ES; P>,xətuči-,<P; P>,0,0,1,0,0,0,0,0,1,0,0,0,[Oskolskaya 2017],найхинский говор
MISS (SOMEBODY),1280,падать,tū- / tūlsi-,<Q; MP>,tūlsi-,<MP; MP>,0,0,0,0,0,1,0,0,0,0,0,1,[Oskolskaya 2017],найхинский говор
MISS (SOMEBODY),1280,падать,tū- / tūlsi-,<Q; MP>,tū-,<Q; P>,0,0,0,0,0,0,0,1,1,0,0,0,[Oskolskaya 2017],найхинский говор
MISS (SOMEBODY),1921,пахать,anǯala-,"<ES, P; P>",anǯala-,"<ES, P; P>",0,1,1,0,0,0,0,0,1,0,0,0,[Oskolskaya 2017],найхинский говор
LISTEN,1261,петь,ǯare-,"<ES, P; P>",ǯare-,"<ES, P; P>",0,1,1,0,0,0,0,0,1,0,0,0,[Oskolskaya 2017],найхинский говор
LISTEN,3543,пилить,pō-,"<ES, P; P>",pō-,"<ES, P; P>",0,1,1,0,0,0,0,0,1,0,0,0,[Oskolskaya 2017],найхинский говор
HEAR,1672,писать,niru-,<ES; P>,niru-,<ES; P>,0,1,0,0,0,0,0,0,1,0,0,0,[Oskolskaya 2017],найхинский говор
HEAR,1839,плакать,soŋgo-,<P; P>,soŋgo-,<P; P>,0,0,1,0,0,0,0,0,1,0,0,0,[Oskolskaya 2017],найхинский говор
"TELL, SPEAK",866,"побеждать, выигрывать",xətə-,<ES; P>,xətə-,<ES; P>,0,1,0,0,0,0,0,0,1,0,0,0,[Oskolskaya 2017],найхинский говор
"TELL, SPEAK",230,подметать,xapole-,"<ES, P; P>",xapole-,"<ES, P; P>",0,1,1,0,0,0,0,0,1,0,0,0,[Oskolskaya 2017],найхинский говор
"TELL, SPEAK",,"подходить, быть в пору",ača-,"<ES, S; S>",ača-,"<ES, S; S>",0,1,0,0,1,0,0,0,0,0,1,0,[Oskolskaya 2017],найхинский говор
"TELL, SPEAK",,поливать,xūl- / xūlsi-,<ES; P>,xūl-,<ES; —>,0,1,0,0,0,0,0,0,0,0,1,0,[Oskolskaya 2017],найхинский говор
DRY UP,,поливать,xūl- / xūlsi-,<ES; P>,xūlsi-,<P; P>,0,0,1,0,0,0,0,0,1,0,0,0,[Oskolskaya 2017],найхинский говор
DRY UP,1897,помогать,bələči-,"<ES, P; P>",bələči-,"<ES, P; P>",0,1,1,0,0,0,0,0,1,0,0,0,[Oskolskaya 2017],найхинский говор
HURRY,,привинчивать,morkola- / morkoče-,"<ES, P; P>",morkola-,<ES; P>,0,1,0,0,0,0,0,0,1,0,0,0,[Oskolskaya 2017],найхинский говор
HURRY,,привинчивать,morkola- / morkoče-,"<ES, P; P>",morkoče-,<P; —>,0,0,1,0,0,0,0,0,0,0,0,0,[Oskolskaya 2017],найхинский говор
SHOOT,,прилипать,lakto- / laktoča-,<ES; S>,lakto-,<ES; —>,0,1,0,0,0,0,0,0,0,0,1,0,[Oskolskaya 2017],найхинский говор
SHOOT,,прилипать,lakto- / laktoča-,<ES; S>,laktoča-,<S; —>,0,0,0,0,1,0,0,0,0,0,0,0,[Oskolskaya 2017],найхинский говор
SHOOT,,прислоняться,lagǯe-,"<ES, S; S>",lagǯe-,"<ES, S; S>",0,1,0,0,1,0,0,0,0,0,1,0,[Oskolskaya 2017],найхинский говор
MELT,1743,присоединяться,xopala-,<ES; —>,xopala-,<ES; —>,0,1,0,0,0,0,0,0,0,0,1,0,[Oskolskaya 2017],найхинский говор
MELT,1446,приходить,ǯi-,"<ES, P; P>",ǯi-,"<ES, P; P>",0,1,1,0,0,0,0,0,1,0,0,0,[Oskolskaya 2017],найхинский говор
,1828,просить,gələ-,"<ES, P; P>",gələ-,"<ES, P; P>",0,1,1,0,0,0,0,0,1,0,0,0,[Oskolskaya 2017],найхинский говор
,1602,просыпаться,sənə- / sənəgu-,<ES; P>,sənə-,<ES; —>,0,1,0,0,0,0,0,0,0,0,1,0,[Oskolskaya 2017],найхинский говор
FLOW,1602,просыпаться,sənə- / sənəgu-,<ES; P>,sənəgu-,<P; P>,0,0,1,0,0,0,0,0,1,0,0,0,[Oskolskaya 2017],найхинский говор
FLOW,,радоваться,agda- / agdanase-,"<ES, S; S>",agdanase-,"<ES, S; S>",0,1,0,0,1,0,0,0,0,0,1,0,[Oskolskaya 2017],найхинский говор
FLOW,,радоваться,agda- / agdanase-,"<ES, S; S>",agda-,<ES; —>,0,1,0,0,0,0,0,0,0,0,1,0,[Oskolskaya 2017],найхинский говор
,2243,"ремонтировать, чинить",tago-,"<ES, P; P>",tago-,"<ES, P; P>",0,1,1,0,0,0,0,0,1,0,0,0,[Oskolskaya 2017],найхинский говор
,2892,сердить,ajaktaloan- / ajaktačeon-,"<ES, S; S>",ajaktaloan-,<ES; S>,0,1,0,0,0,0,0,0,0,0,1,0,[Oskolskaya 2017],найхинский говор
,2892,сердить,ajaktaloan- / ajaktačeon-,"<ES, S; S>",ajaktačeon-,<S; S>,0,0,0,0,1,0,0,0,0,0,1,0,[Oskolskaya 2017],найхинский говор
,2223,сердиться,ajaktala- / ajaktače-,<ES; S>,ajaktala-,<ES; —>,0,1,0,0,0,0,0,0,0,0,1,0,[Oskolskaya 2017],найхинский говор
PULL,2223,сердиться,ajaktala- / ajaktače-,<ES; S>,ajaktače-,<S; S>,0,0,0,0,1,0,0,0,0,0,1,0,[Oskolskaya 2017],найхинский говор
PULL,,"скользить, кататься (с горки)",susuəkəči-,"<ES, P; P>",susuəkəči-,"<ES, P; P>",0,1,1,0,0,0,0,0,1,0,0,0,[Oskolskaya 2017],найхинский говор
PULL,2328,скучать,ǯōŋgo- / ǯōŋgonase-,<S; S>,ǯōŋgo-,<?; S>,—,—,—,—,—,—,—,—,0,0,1,0,[Oskolskaya 2017],найхинский говор
KILL,2328,скучать,ǯōŋgo- / ǯōŋgonase-,<S; S>,ǯōŋgonase-,<S; ?>,0,0,0,0,1,0,0,0,—,—,—,—,[Oskolskaya 2017],найхинский говор
HIT,1608,слушать,dosoǯa-,<P; P>,dosoǯa-,<P; P>,0,0,1,0,0,0,0,0,1,0,0,0,[Oskolskaya 2017],найхинский говор
HIT,1408,слышать,dolǯe-,"<ES, S; S>",dolǯe-,"<ES, S; S>",0,1,0,0,1,0,0,0,0,0,1,0,[Oskolskaya 2017],найхинский говор
HIT,"1711, 1623","сообщать, говорить1",gusərə-,<P; P>,gusərə-,<P; P>,0,0,1,0,0,0,0,0,1,0,0,0,[Oskolskaya 2017],найхинский говор
HIT,"1711, 1625","сообщать, говорить2",un-,<ES; —>,un-,<ES; —>,0,1,0,0,0,0,0,0,0,0,1,0,[Oskolskaya 2017],найхинский говор
,1786,сохнуть,xolgo-,<ES; P>,xolgo-,<ES; P>,0,1,0,0,0,0,0,0,1,0,0,0,[Oskolskaya 2017],найхинский говор
,754,спешить,buduri-,<P; P>,buduri-,<P; P>,0,0,1,0,0,0,0,0,1,0,0,0,[Oskolskaya 2017],найхинский говор
,1172,стрелять (из ружья),meočala- / meočače-,<ES; P>,meočala-,<ES; —>,0,1,0,0,0,0,0,0,0,0,1,0,[Oskolskaya 2017],найхинский говор
,1172,стрелять (из ружья),meočala- / meočače-,<ES; P>,meočače-,<P; P>,0,0,1,0,0,0,0,0,1,0,0,0,[Oskolskaya 2017],найхинский говор
DIE,,таять,ūn-,<ES; P>,ūn-,<ES; P>,0,1,0,0,0,0,0,0,1,0,0,0,[Oskolskaya 2017],найхинский говор
DIE,,терять,xuədə-,<ES; —>,xuədə-,<ES; —>,0,1,0,0,0,0,0,0,0,0,1,0,[Oskolskaya 2017],найхинский говор
GET TIRED,2003,течь,xəjə-,<P; P>,xəjə-,<P; P>,0,0,1,0,0,0,0,0,1,0,0,0,[Oskolskaya 2017],найхинский говор
GET TIRED,,трескаться,kaltā- / kaltānase-,"<Q, MP; MP>",kaltānase-,<MP; ?>,0,0,0,0,0,1,0,0,—,—,—,—,[Oskolskaya 2017],найхинский говор
LEAVE,,трескаться,kaltā- / kaltānase-,"<Q, MP; MP>",kaltā-,<Q; MP>,0,0,0,0,0,0,0,1,0,0,0,1,[Oskolskaya 2017],найхинский говор
LEAVE,1455,тянуть1,tata-,<P; P>,tata-,<P; P>,0,0,1,0,0,0,0,0,1,0,0,0,[Oskolskaya 2017],найхинский говор
SNORE,1455,тянуть2,toaŋgo-,<P; P>,toaŋgo-,<P; P>,0,0,1,0,0,0,0,0,1,0,0,0,[Oskolskaya 2017],найхинский говор
SNORE,1417,убивать,wā-,"<ES, P; P>",wā-,"<ES, P; P>",0,1,1,0,0,0,0,0,1,0,0,0,[Oskolskaya 2017],найхинский говор
SNORE,1433,"ударить, удариться",pačela- / pačeče-,<Q; MP>,pačeče-,<MP; MP>,0,0,0,0,0,1,0,0,0,0,0,1,[Oskolskaya 2017],найхинский говор
SNORE,1433,"ударить, удариться",pačela- / pačeče-,<Q; MP>,pačela-,<Q; —>,0,0,0,0,0,0,0,1,0,0,0,0,[Oskolskaya 2017],найхинский говор
BLOOM,,удивляться,ərdəŋgəsi-,<S; S>,ərdəŋgəsi-,<S; S>,0,0,0,0,1,0,0,0,0,0,1,0,[Oskolskaya 2017],найхинский говор
BLOOM,,уметь,otole-,<ES; S>,otole-,<ES; S>,0,1,0,0,0,0,0,0,0,0,1,0,[Oskolskaya 2017],найхинский говор
KISS,1494,умирать,bu-,<ES; —>,bu-,<ES; —>,0,1,0,0,0,0,0,0,0,0,1,0,[Oskolskaya 2017],найхинский говор
KISS,1996,уставать,jada-,<ES; S>,jada-,<ES; S>,0,1,0,0,0,0,0,0,0,0,1,0,[Oskolskaya 2017],найхинский говор
KISS,1752,уходить,ənu-,<ES; —>,ənu-,<ES; —>,0,1,0,0,0,0,0,0,0,0,1,0,[Oskolskaya 2017],найхинский говор
KISS,1983,храпеть,xončera- / xončerap-,<Q; MP>,xončera-,<MP; MP>,0,0,0,0,0,1,0,0,0,0,0,1,[Oskolskaya 2017],найхинский говор
KISS,1983,храпеть,xončera- / xončerap-,<Q; MP>,xončerap-,<Q; ?>,0,0,0,0,0,0,0,1,—,—,—,—,[Oskolskaya 2017],найхинский говор
ITCH (CAUSE ITCHING OR FEEL ITCHY),578,целовать,oǯo- / oǯoče- / oǯokta-,"<Q, P; P, MP>",oǯokta-,<MP; MP>,0,0,0,0,0,1,0,0,0,0,0,1,[Oskolskaya 2017],найхинский говор
ITCH (CAUSE ITCHING OR FEEL ITCHY),578,целовать,oǯo- / oǯoče- / oǯokta-,"<Q, P; P, MP>",oǯoče-,<P; ?>,0,0,1,0,0,0,0,0,—,—,—,—,[Oskolskaya 2017],найхинский говор
PEEL,578,целовать,oǯo- / oǯoče- / oǯokta-,"<Q, P; P, MP>",oǯo- ,<Q; P>,0,0,0,0,0,0,0,1,1,0,0,0,[Oskolskaya 2017],найхинский говор
PEEL,3855,"чесаться, зудеть",xotorse-,<S; S>,xotorse-,<S; S>,0,0,0,0,1,0,0,0,0,0,1,0,[Oskolskaya 2017],найхинский говор
READ,275,чистить (рыбу),təlgəči-,"<ES, P; P>",təlgəči-,"<ES, P; P>",0,1,1,0,0,0,0,0,1,0,0,0,[Oskolskaya 2017],найхинский говор
FEEL,724,читать,xola-,"<ES, P; P>",xola-,"<ES, P; P>",0,1,1,0,0,0,0,0,1,0,0,0,[Oskolskaya 2017],найхинский говор