Название фрейма,Фрейм,Значение,А-группа,А-класс группы,Форма,А-класс,перф.EP,перф.ES,перф.P,перф.P2,перф.S,перф.MP,перф.EMP,имперф.P,имперф.P2,имперф.S,имперф. MP,Источник,Комментарии,,,
live,2309,жить,jäši,"<S, S>",jäši,"<S, S>",0,0,0,0,1,0,0,0,0,1,0,[Tatevosov et al. 2017],,Легенда,,
wait (for),1590,ждать,ketä,"<S, S>",ketä,"<S, S>",0,0,0,0,1,0,0,0,0,1,0,[Tatevosov et al. 2017],,,,
suffer,1101,мучиться,azaplana,"<P, P>",azaplana,"<P, P>",0,0,1,0,0,0,0,1,0,0,0,[Tatevosov et al. 2017],,1,,у глагола есть эта а-интерпретация
<NA>,0,жужжать,bezeldi,"<P, P>",bezeldi,"<P, P>",0,0,1,0,0,0,0,1,0,0,0,[Tatevosov et al. 2017],,0,,у глагола нет этой а-интерпретации
find,719,искать,ezli,"<P, P>",ezli,"<P, P>",0,0,1,0,0,0,0,1,0,0,0,[Tatevosov et al. 2017],,—,,нет данных (не нашли в литературе)
run,1519,бегать,jegerä,"<P, P>",jegerä,"<P, P>",0,0,1,0,0,0,0,1,0,0,0,[Tatevosov et al. 2017],,,,
rain (raining),1253,идти (о дожде),jawa,"<P, P>",jawa,"<P, P>",0,0,1,0,0,0,0,1,0,0,0,[Tatevosov et al. 2017],,,,
scream (produce a cry),3809,кричать,kɤčkɤra,"<P, P>",kɤčkɤra,"<P, P>",0,0,1,0,0,0,0,1,0,0,0,[Tatevosov et al. 2017],,,,
fly (move through air),1441,лететь,ɤča,"<P, P>",ɤča,"<P, P>",0,0,1,0,0,0,0,1,0,0,0,[Tatevosov et al. 2017],,,,
think,2271,думать,ujlɤj,"<P, P>",ujlɤj,"<P, P>",0,0,1,0,0,0,0,1,0,0,0,[Tatevosov et al. 2017],,,,
smoke (inhale),1689,"курить, тянуть",tarta,"<P, P>",tarta,"<P, P>",0,0,1,0,0,0,0,1,0,0,0,[Tatevosov et al. 2017],,,,
hurry,754,спешить,ašɤga,"<P, P>",ašɤga,"<P, P>",0,0,1,0,0,0,0,1,0,0,0,[Tatevosov et al. 2017],,,,
wave (verb),3544,махать,selkä,"<MP, MP>",selkä,"<MP, MP>",0,0,0,0,0,1,0,0,0,0,1,[Tatevosov et al. 2017],,,,
see,1409,видеть,kürä,"<ES, S>",kürä,"<ES, S>",0,1,0,0,1,0,0,0,0,1,0,[Tatevosov et al. 2017],"в западных говорах <ES S, S>",,,
believe,1890,верить,ɤšana,"<ES, S>",ɤšana,"<ES, S>",0,1,0,0,1,0,0,0,0,1,0,[Tatevosov et al. 2017],"в западных говорах <ES S, S>",,,
like,1117,нравиться,ɤšɤj,"<ES, S>",ɤšɤj,"<ES, S>",0,1,0,0,1,0,0,0,0,1,0,[Tatevosov et al. 2017],,,,
touch,1892,касаться2,kagɤla,"<ES, S>",kagɤla,"<ES, S>",0,1,0,0,1,0,0,0,0,1,0,[Tatevosov et al. 2017],,,,
feel,1079,чувствовать,tɤja,"<ES, S>",tɤja,"<ES, S>",0,1,0,0,1,0,0,0,0,1,0,[Tatevosov et al. 2017],,,,
fame,865,быть известным,belešenä,"<ES, S>",belešenä,"<ES, S>",0,1,0,0,1,0,0,0,0,1,0,[Tatevosov et al. 2017],,,,
touch,1892,касаться3,bärelä,"<ES, S MP>",bärelä,"<ES, S MP>",0,1,0,0,0,0,0,0,0,1,1,[Tatevosov et al. 2017],,,,
get tired,1996,уставать,arɤj,"<ES, P>",arɤj,"<ES, P>",0,1,0,0,0,0,0,1,0,0,0,[Tatevosov et al. 2017],,,,
make angry (annoy),2892,сердить,ačulandɤra,"<ES, P>",ačulandɤra,"<ES, P>",0,1,0,0,0,0,0,1,0,0,0,[Tatevosov et al. 2017],,,,
take,1749,брать,ala,"<ES, P>",ala,"<ES, P>",0,1,0,0,0,0,0,1,0,0,0,[Tatevosov et al. 2017],,,,
begin or start,3447,начинать,bašlɤj,"<ES, P>",bašlɤj,"<ES, P>",0,1,0,0,0,0,0,1,0,0,0,[Tatevosov et al. 2017],,,,
announce,9,"объявлять, сообщать",belderä,"<ES, P>",belderä,"<ES, P>",0,1,0,0,0,0,0,1,0,0,0,[Tatevosov et al. 2017],,,,
finish,1766,заканчивать,beterä,"<ES, P>",beterä,"<ES, P>",0,1,0,0,0,0,0,1,0,0,0,[Tatevosov et al. 2017],,,,
<NA>,0,трескаться,čatnɤj,"<ES, P>",čatnɤj,"<ES, P>",0,1,0,0,0,0,0,1,0,0,0,[Tatevosov et al. 2017],,,,
forget,1523,забывать,ɤnɤta,"<ES, P>",ɤnɤta,"<ES, P>",0,1,0,0,0,0,0,1,0,0,0,[Tatevosov et al. 2017],,,,
swell,1573,опухать,ešešä,"<ES, P>",ešešä,"<ES, P>",0,1,0,0,0,0,0,1,0,0,0,[Tatevosov et al. 2017],,,,
<NA>,0,отрывать,ezä,"<ES, P>",ezä,"<ES, P>",0,1,0,0,0,0,0,1,0,0,0,[Tatevosov et al. 2017],,,,
sticking,254,прилипать,jabɤša,"<ES, P>",jabɤša,"<ES, P>",0,1,0,0,0,0,0,1,0,0,0,[Tatevosov et al. 2017],,,,
lose,1660,терять,jugata,"<ES, P>",jugata,"<ES, P>",0,1,0,0,0,0,0,1,0,0,0,[Tatevosov et al. 2017],,,,
remain,987,оставаться,kala,"<ES, P>",kala,"<ES, P>",0,1,0,0,0,0,0,1,0,0,0,[Tatevosov et al. 2017],,,,
<NA>,0,вечереть,kičlä,"<ES, P>",kičlä,"<ES, P>",0,1,0,0,0,0,0,1,0,0,0,[Tatevosov et al. 2017],,,,
wear,976,надевать,kijä,"<ES, P>",kijä,"<ES, P>",0,1,0,0,0,0,0,1,0,0,0,[Tatevosov et al. 2017],,,,
join,1743,присоединяться,kušɤla,"<ES, P>",kušɤla,"<ES, P>",0,1,0,0,0,0,0,1,0,0,0,[Tatevosov et al. 2017],,,,
fade (loose color),2704,вянуть,pänʒi,"<ES, P>",pänʒi,"<ES, P>",0,1,0,0,0,0,0,1,0,0,0,[Tatevosov et al. 2017],,,,
fill,2006,наполняться,taša,"<ES, P>",taša,"<ES, P>",0,1,0,0,0,0,0,1,0,0,0,[Tatevosov et al. 2017],,,,
marry,203,жениться,ülänä,"<ES, P>",ülänä,"<ES, P>",0,1,0,0,0,0,0,1,0,0,0,[Tatevosov et al. 2017],,,,
<NA>,0,"селиться, располагаться",urnaša,"<ES, P>",urnaša,"<ES, P>",0,1,0,0,0,0,0,1,0,0,0,[Tatevosov et al. 2017],,,,
brake,966,"разбивать, ломать",wata,"<ES, P>",wata,"<ES, P>",0,1,0,0,0,0,0,1,0,0,0,[Tatevosov et al. 2017],,,,
find,719,находить,taba,"<ES, -->",taba,"<ES, -->",0,1,0,0,0,0,0,0,0,0,0,[Tatevosov et al. 2017],,,,
explode,3976,лопаться,šartlɤj,"<ES, -->",šartlɤj,"<ES, -->",0,1,0,0,0,0,0,0,0,0,0,[Tatevosov et al. 2017],,,,
dirty,1230,пачкаться,bujala,"<ES, -->",bujala,"<ES, -->",0,1,0,0,0,0,0,0,0,0,0,[Tatevosov et al. 2017],,,,
understand,1536,понимать,aŋnɤj,"<ES S, S>",aŋnɤj,"<ES S, S>",0,1,0,0,1,0,0,0,0,1,0,[Tatevosov et al. 2017],,,,
approach,1778,подходить,jarɤj,"<ES S, S>",jarɤj,"<ES S, S>",0,1,0,0,1,0,0,0,0,1,0,[Tatevosov et al. 2017],,,,
fear (be afraid),1419,бояться,kurka,"<ES S, S>",kurka,"<ES S, S>",0,1,0,0,1,0,0,0,0,1,0,[Tatevosov et al. 2017],,,,
love,923,любить,jarata,"<ES S, S>",jarata,"<ES S, S>",0,1,0,0,1,0,0,0,0,1,0,[Tatevosov et al. 2017],,,,
become angry,2215,сердиться,ačulana,"<ES S, S>",ačulana,"<ES S, S>",0,1,0,0,1,0,0,0,0,1,0,[Tatevosov et al. 2017],,,,
know (something),1410,знать,belä,"<ES S, S>",belä,"<ES S, S>",0,1,0,0,1,0,0,0,0,1,0,[Tatevosov et al. 2017],,,,
touch,1892,касаться1,tɤtɤna,"<ES S, S>",tɤtɤna,"<ES S, S>",0,1,0,0,1,0,0,0,0,1,0,[Tatevosov et al. 2017],,,,
cold (feeling cold),3819,мерзнуть,tuŋa,"<ES S, S>",tuŋa,"<ES S, S>",0,1,0,0,1,0,0,0,0,1,0,[Tatevosov et al. 2017],,,,
remember,707,помнить,xäterli,"<ES S, S>",xäterli,"<ES S, S>",0,1,0,0,1,0,0,0,0,1,0,[Tatevosov et al. 2017],,,,
be called by name,3835,называться,atala,"<ES S, S>",atala,"<ES S, S>",0,1,0,0,1,0,0,0,0,1,0,[Tatevosov et al. 2017],,,,
want,1784,желать,teli,"<ES S, S>",teli,"<ES S, S>",0,1,0,0,1,0,0,0,0,1,0,[Tatevosov et al. 2017],,,,
visible,1868,быть заметным,belenä,"<ES S, S>",belenä,"<ES S, S>",0,1,0,0,1,0,0,0,0,1,0,[Tatevosov et al. 2017],,,,
sick,1847,болеть,awɤrta,"<ES S, S>",awɤrta,"<ES S, S>",0,1,0,0,1,0,0,0,0,1,0,[Tatevosov et al. 2017],,,,
surprised,1572,удивляться,gäjäplänä,"<ES S, S>",gäjäplänä,"<ES S, S>",0,1,0,0,1,0,0,0,0,1,0,[Tatevosov et al. 2017],,,,
sleep,1585,спать,jɤklɤj,"<ES S, S>",jɤklɤj,"<ES S, S>",0,1,0,0,1,0,0,0,0,1,0,[Tatevosov et al. 2017],,,,
scratch,1436,чесаться,keči,"<ES S, S>",keči,"<ES S, S>",0,1,0,0,1,0,0,0,0,1,0,[Tatevosov et al. 2017],,,,
happy,1495,радоваться,šatlana,"<ES S, S>",šatlana,"<ES S, S>",0,1,0,0,1,0,0,0,0,1,0,[Tatevosov et al. 2017],,,,
stand,1442,стоять,tɤra,"<ES S, P S>",tɤra,"<ES S, P S>",0,1,0,0,1,0,0,1,0,1,0,[Tatevosov et al. 2017],,,,
lay (verb),2071,лежать,jata,"<ES S, P S>",jata,"<ES S, P S>",0,1,0,0,1,0,0,1,0,1,0,[Tatevosov et al. 2017],,,,
sit,1416,сидеть,utɤra,"<ES S, P S>",utɤra,"<ES S, P S>",0,1,0,0,1,0,0,1,0,1,0,[Tatevosov et al. 2017],,,,
open,1156,открывать,ača,"<ES P, P>",ača,"<ES P, P>",0,1,1,0,0,0,0,1,0,0,0,[Tatevosov et al. 2017],,,,
explain,1626,объяснять,aŋnata,"<ES P, P>",aŋnata,"<ES P, P>",0,1,1,0,0,0,0,1,0,0,0,[Tatevosov et al. 2017],,,,
find out,2237,"разузнавать, выяснять",belešä,"<ES P, P>",belešä,"<ES P, P>",0,1,1,0,0,0,0,1,0,0,0,[Tatevosov et al. 2017],,,,
rot,2907,гнить,čeri,"<ES P, P>",čeri,"<ES P, P>",0,1,1,0,0,0,0,1,0,0,0,[Tatevosov et al. 2017],,,,
find,1261,петь,ʒɤrlɤj,"<ES P, P>",ʒɤrlɤj,"<ES P, P>",0,1,1,0,0,0,0,1,0,0,0,[Tatevosov et al. 2017],,,,
win,866,выигрывать,ʒiŋä,"<ES P, P>",ʒiŋä,"<ES P, P>",0,1,1,0,0,0,0,1,0,0,0,[Tatevosov et al. 2017],,,,
dink,1401,пить,ečä,"<ES P, P>",ečä,"<ES P, P>",0,1,1,0,0,0,0,1,0,0,0,[Tatevosov et al. 2017],,,,
write,1672,писать,jaza,"<ES P, P>",jaza,"<ES P, P>",0,1,1,0,0,0,0,1,0,0,0,[Tatevosov et al. 2017],,,,
dig,1418,копать,kazɤj,"<ES P, P>",kazɤj,"<ES P, P>",0,1,1,0,0,0,0,1,0,0,0,[Tatevosov et al. 2017],,,,
wear,976,надевать,kigezä,"<ES P, P>",kigezä,"<ES P, P>",0,1,1,0,0,0,0,1,0,0,0,[Tatevosov et al. 2017],,,,
cut,1432,"резать, пилить",kisä,"<ES P, P>",kisä,"<ES P, P>",0,1,1,0,0,0,0,1,0,0,0,[Tatevosov et al. 2017],,,,
boil,2493,вариться,pešä,"<ES P, P>",pešä,"<ES P, P>",0,1,1,0,0,0,0,1,0,0,0,[Tatevosov et al. 2017],,,,
sweep,230,подметать,seberä,"<ES P, P>",seberä,"<ES P, P>",0,1,1,0,0,0,0,1,0,0,0,[Tatevosov et al. 2017],,,,
irrigate,3078,поливать,sibä,"<ES P, P>",sibä,"<ES P, P>",0,1,1,0,0,0,0,1,0,0,0,[Tatevosov et al. 2017],,,,
plough,1921,пахать,sukalɤj,"<ES P, P>",sukalɤj,"<ES P, P>",0,1,1,0,0,0,0,1,0,0,0,[Tatevosov et al. 2017],,,,
listen,1608,слушать1,tɤŋlɤj,"<ES P, P>",tɤŋlɤj,"<ES P, P>",0,1,1,0,0,0,0,1,0,0,0,[Tatevosov et al. 2017],,,,
listen,1608,слушать2,tɤnnɤj,"<ES P, P>",tɤnnɤj,"<ES P, P>",0,1,1,0,0,0,0,1,0,0,0,[Tatevosov et al. 2017],,,,
screw,1802,привинчивать,wintla,"<ES P, P>",wintla,"<ES P, P>",0,1,1,0,0,0,0,1,0,0,0,[Tatevosov et al. 2017],,,,
catch,702,"ловить, хватать, держать",tɤta,"<ES P S, P S>",tɤta,"<ES P S, P S>",0,1,1,0,1,0,0,1,0,1,0,[Tatevosov et al. 2017],,,,
lay (verb),2071,стрелять,ata,"<ES MP, MP>",ata,"<ES MP, MP>",0,1,0,0,0,1,0,0,0,0,1,[Tatevosov et al. 2017],,,,
cough,879,кашлять,jetkerä,"<ES MP, MP>",jetkerä,"<ES MP, MP>",0,1,0,0,0,1,0,0,0,0,1,[Tatevosov et al. 2017],,,,
kiss,578,целовать,übä,"<ES MP, MP>",übä,"<ES MP, MP>",0,1,0,0,0,1,0,0,0,0,1,[Tatevosov et al. 2017],,,,
drip (emit liquid),2253,капать,tama,"<ES MP, MP>",tama,"<ES MP, MP>",0,1,0,0,0,1,0,0,0,0,1,[Tatevosov et al. 2017],,,,
strike or beat,2133,быть избиваемым,sugɤla,"<ES MP, MP>",sugɤla,"<ES MP, MP>",0,1,0,0,0,1,0,0,0,0,1,[Tatevosov et al. 2017],,,,
boil (of liquid),792,кипеть,kajnɤj,"<EP, P2>",kajnɤj,"<EP, P2>",1,0,0,0,0,0,0,0,1,0,0,[Tatevosov et al. 2017],"в сергачском говоре <EP P, P2>",,,
light (ignite),737,загораться,kabɤna,"<EP, P2>",kabɤna,"<EP, P2>",1,0,0,0,0,0,0,0,1,0,0,[Tatevosov et al. 2017],,,,
snore,1983,храпеть,gɤrlɤj,"<EP P, P2>",gɤrlɤj,"<EP P, P2>",1,0,1,0,0,0,0,0,1,0,0,[Tatevosov et al. 2017],"у некоторых носителей тяготеет к <P,P>",,,
ski,2991,"скользить, кататься на коньках2",šuɤj,"<EP P, P2>",šuɤj,"<EP P, P2>",1,0,1,0,0,0,0,0,1,0,0,[Tatevosov et al. 2017],"некоторые носители допускают <EP P ES, P2>",,,
burning,1428,гореть,jana,"<EP P ES, P2>",jana,"<EP P ES, P2>",1,1,1,0,0,0,0,0,1,0,0,[Tatevosov et al. 2017],,,,